smart;Smart Location;;;;Germany - Frankfurt - 1;;Y
denu;Germany (DE);;;;Germany - Nuremberg;;Y
defr1;;;;;;Germany - Frankfurt - 1;;Y
defr2;;;;;;Germany - Frankfurt - 2;;Y
deda;;;;;;Germany - Darmstadt;;
nlth;Netherlands (NL);;;Netherlands - The Hague;;Y
nlam;;;;;;Netherlands - Amsterdam;;Y
nlro;;;;;;Netherlands - Rotterdam;;Y
ukdo;United Kingdom (GB);;;UK - Docklands;;;Y
ukel;;;;;;UK - East London;;Y
ukbe;;;;;;UK - Berkshire;;;
uklo;;;;;;UK - London;;;
ukke;;;;;;UK - Kent;;;
ukbe2;;;;;;UK - Berkshire - 2;;
ukwe;;;;;;UK - Wembley;;;
usny;United States (US);;;USA - New York;;;Y
uswd;;;;;;USA - Washington DC;;Y
uswd2;;;;;;USA - Washington DC - 2;;Y
usnj1;;;;;;USA - New Jersey - 1;;Y
ussf;;;;;;USA - San Francisco;;
usch;;;;;;USA - Chicago;;;
usda;;;;;;USA - Dallas;;;
usmi;;;;;;USA - Miami;;;
usla3;;;;;;USA - Los Angeles - 3;;
usla2;;;;;;USA - Los Angeles - 2;;
usnj3;;;;;;USA - New Jersey - 3;;
usse;;;;;;USA - Seattle;;;
usmi2;;;;;;USA - Miami - 2;;;
usde;;;;;;USA - Denver;;;
ussl;;;;;;USA - Salt Lake City;;
uskc;;;;;;USA - Kansas City;;
usta1;;;;;;USA - Tampa - 1;;;
usph;;;;;;USA - Phoenix;;;
usla1;;;;;;USA - Los Angeles - 1;;
usvi;;;;;;USA - Virginia;;;
usny2;;;;;;USA - New York - 2;;
usnj2;;;;;;USA - New Jersey - 2;;
usho;;;;;;USA - Hollywood;;;
usda2;;;;;;USA - Dallas - 2;;
usmi;;;;;;USA - Minneapolis;;
usbo;;;;;;USA - Boston;;;
usla;;;;;;USA - Los Angeles;;
ussj;;;;;;USA - San Jose;;;
usat;;;;;;USA - Atlanta;;;
usla5;;;;;;USA - Los Angeles - 5;;
usla4;;;;;;USA - Los Angeles - 4;;
ussf;;;;;;USA - San Francisco via HK;
ussf2;;;;;;USA - San Francisco - 2;;
frst;France (FR);;;;France - Strasbourg;;Y
frpa1;;;;;;France - Paris - 1;;
frpa2;;;;;;France - Paris - 2;;
itmi;Italy (IT);;;;Italy - Milan;;;Y
itco;;;;;;Italy - Cosenza;;;
se1;Sweden (SE);;;;Sweden;;;;Y
se2;;;;;;Sweden - 2;;;
ch2;Switzerland (CH);;;Switzerland - 2;;;Y
ch1;;;;;;Switzerland;;;
ro1;Romania (RO);;;;Romania;;;;
cato;Canada (CA);;;;Canada - Toronto;;
cava;;;;;;Canada - Vancouver;;
cato2;;;;;;Canada - Toronto - 2;;
camo;;;;;;Canada - Montreal;;
im1;Isle of Man (IM);;;Isle of Man;;;
mx1;Mexico (MX);;;;Mexico;;;;
br2;Brazil (BR);;;;Brazil - 2;;;
br1;;;;;;Brazil;;;;
pa1;Panama (PA);;;;Panama;;;;
esma;Spain (ES);;;;Spain - Madrid;;;
esba;;;;;;Spain - Barcelona;;
tr1;Turkey (TR);;;;Turkey;;;;
ie1;Ireland (IE);;;;Ireland;;;;
cl1;Chile (CL);;;;Chile;;;;
ar1;Argentina (AR);;;;Argentina;;;
cr1;Costa Rica (CR);;;;Costa Rica;;;
co1;Colombia (CO);;;;Colombia;;;
ve1;Venezuela (VE);;;;Venezuela;;;
ec1;Ecuador (EC);;;;Ecuador;;;;
is1;Iceland (IS);;;;Iceland;;;;
no1;Norway (NO);;;;Norway;;;;
dk1;Denmark (DK);;;;Denmark;;;;
be1;Belgium (BE);;;;Belgium;;;;
fi1;Finland (FI);;;;Finland;;;;
gr1;Greece (GR);;;;Greece;;;;
pt1;Portugal (PT);;;;Portugal;;;
at1;Austria (AT);;;;Austria;;;;
ru1;Russia (RU);;;;Russia;;;;
am1;Armenia (AM);;;;Armenia;;;;
pl1;Poland (PL);;;;Poland;;;;
lt1;Lithuania (LT);;;;Lithuania;;;
lv1;Latvia (LV);;;;Latvia;;;;
ee1;Estonia (EE);;;;Estonia;;;;
cz1;Czech Republic (CZ);;;Czech Republic;;;
ad1;Andorra (AD);;;;Andorra;;;;
inmu1;India (IN);;;;India - Mumbai - 1;;
in1;;;;;;India (via UK);;;
inch;;;;;;India - Chennai;;;
za1;South Africa (ZA);;;South Africa;;;
me1;Montenegro (ME);;;;Montenegro;;;
ba1;Bosnia and Herzegovina (BA);;Bosnia and Herzegovina;;
lu1;Luxembourg (LU);;;;Luxembourg;;;
hu1;Hungary (HU);;;;Hungary;;;;
bg1;Bulgaria (BG);;;;Bulgaria;;;
by1;Belarus (BY);;;;Belarus;;;;
ua1;Ukraine (UA);;;;Ukraine;;;;
mt1;Malta (MT);;;;Malta;;;;
li1;Liechtenstein (LI);;;Liechtenstein;;;
cy1;Cyprus (CY);;;;Cyprus;;;;
sgju;Singapore (SG);;;;Singapore - Jurong;;
sgcb;;;;;;Singapore - CBD;;;
sgmb;;;;;;Singapore - Marina Bay;;
hk2;Hong Kong (HK);;;;Hong Kong - 2;;;
hk1;;;;;;Hong Kong - 1;;;
hk3;;;;;;Hong Kong - 3;;;
hk4;;;;;;Hong Kong - 4;;;
hk6;;;;;;Hong Kong - 6;;;
hk5;;;;;;Hong Kong - 5;;;
jpto3;Japan (JP);;;;Japan - Tokyo - 3;;
jpto2;;;;;;Japan - Tokyo - 2;;
jpto1;;;;;;Japan - Tokyo - 1;;
aume;Australia (AU);;;;Australia - Melbourne;;
ausy;;;;;;Australia - Sydney;;
ausy3;;;;;;Australia - Sydney - 3;;
aupe;;;;;;Australia - Perth;;
aubr;;;;;;Australia - Brisbane;;
ausy2;;;;;;Australia - Sydney - 2;;
krsk2;Korea, Republic of (KR);;;South Korea - 2;;;
krsk;;;;;;South Korea;;;
ph1;Philippines (PH);;;Philippines (via Singapore);
my1;Malaysia (MY);;;;Malaysia;;;
al1;Albania (AL);;;;Albania;;;;
hr1;Croatia (HR);;;;Croatia;;;;
si1;Slovenia (SI);;;;Slovenia;;;
sk1;Slovakia (SK);;;;Slovakia;;;
mc1;Monaco (MC);;;;Monaco;;;;
il1;Israel (IL);;;;Israel;;;;
lk1;Sri Lanka (LK);;;;Sri Lanka;;;
pk1;Pakistan (PK);;;;Pakistan;;;
kz1;Kazakhstan (KZ);;;;Kazakhstan;;;
th1;Thailand (TH);;;;Thailand;;;
id1;Indonesia (ID);;;;Indonesia;;;
nz1;New Zealand (NZ);;;New Zealand;;;
tw3;Taiwan (TW);;;;Taiwan - 3;;;
twvh;;;;;;Taiwan via HK;;;
twvh2;;;;;;Taiwan via HK - 2;;
vn1;Vietnam (VN);;;;Vietnam;;;;
mo1;Macau (MO);;;;Macau;;;;
kh1;Cambodia (KH);;;;Cambodia;;;
mn1;Mongolia (MN);;;;Mongolia;;;
lala;Lao People's Democratic Republic (LA);Laos;;;;
mm1;Myanmar (MM);;;;Myanmar;;;;
np1;Nepal (NP);;;;Nepal;;;;
gt1;Guatemala (GT);;;;Guatemala;;;
pe1;Peru (PE);;;;Peru;;;;
uy1;Uruguay (UY);;;;Uruguay;;;;
bs1;Bahamas (BS);;;;Bahamas;;;;
je1;Jersey (JE);;;;Jersey;;;;
mk1;Macedonia (MK);;;;Macedonia;;;
mdmo;Moldova, Republic of (MD);;Moldova;;;;
rs1;Serbia (RS);;;;Serbia;;;;
ge1;Georgia (GE);;;;Georgia;;;;
az1;Azerbaijan (AZ);;;;Azerbaijan;;;
kg1;Kyrgyzstan (KG);;;;Kyrgyzstan;;;
eg1;Egypt (EG);;;;Egypt;;;;
ke1;Kenya (KE);;;;Kenya;;;;
dz1;Algeria (DZ);;;;Algeria;;;;
uz1;Uzbekistan (UZ);;;;Uzbekistan;;;
bd1;Bangladesh (BD);;;;Bangladesh;;;
bt1;Bhutan (BT);;;;Bhutan;;;;
bnbr;Brunei Darussalam (BN);